{"cameraMode":{"drawMode":0,"name":"Shaded","section":"Shading Mode"},"sceneLighting":true,"audioPlay":false,"sceneViewState":{"m_AlwaysRefresh":false,"showFog":true,"showSkybox":true,"showFlares":true,"showImageEffects":true,"showParticleSystems":true,"showVisualEffectGraphs":true,"m_FxEnabled":true},"in2DMode":false,"pivot":{"x":-19.035432815551759,"y":14.310850143432618,"z":-29.974681854248048},"rotation":{"x":-0.20274418592453004,"y":-0.03759454935789108,"z":0.0077898395247757439,"w":-0.9784918427467346},"size":11.441834449768067,"orthographic":false}