{"cameraMode":{"drawMode":0,"name":"Shaded","section":"Shading Mode"},"sceneLighting":true,"audioPlay":false,"sceneViewState":{"m_AlwaysRefresh":false,"showFog":true,"showSkybox":true,"showFlares":true,"showImageEffects":true,"showParticleSystems":true,"showVisualEffectGraphs":true,"m_FxEnabled":true},"in2DMode":false,"pivot":{"x":20.556901931762697,"y":-26.44451904296875,"z":80.57405090332031},"rotation":{"x":-0.20863483846187592,"y":-0.03461521118879318,"z":0.007389674428850412,"w":-0.9773678183555603},"size":80.36641693115235,"orthographic":false}